Date,Time(UTC),Wind_speed(Knot),Type
2023-02-15,14:04:48,21.11887,Wind shear
2023-02-15,14:04:58,17.07620,Wind shear
2023-02-15,14:05:08,16.54978,Wind shear
2023-02-15,14:05:18,16.25024,Wind shear
2023-02-15,14:05:28,18.77481,Wind shear
2023-02-15,14:05:38,18.40125,Wind shear
2023-02-15,14:41:18,15.51641,Wind shear
2023-03-20,04:08:48,19.04627,Wind shear
2023-03-20,04:08:58,19.37462,Wind shear
2023-03-20,04:09:08,18.90052,Wind shear
2023-03-20,04:09:18,17.82575,Wind shear
2023-03-20,04:09:28,15.98725,Wind shear
2023-03-20,04:12:18,18.28852,Wind shear
2023-03-20,04:12:28,17.83349,Wind shear
2023-03-20,04:12:38,16.57636,Wind shear
2023-04-20,10:05:19,17.29749,Wind shear
2023-04-20,10:06:59,22.89629,Wind shear
2023-04-20,10:07:09,22.21780,Wind shear
2023-04-20,10:07:19,22.20082,Wind shear
2023-04-20,10:07:29,21.67299,Wind shear
2023-04-20,10:07:39,20.95593,Wind shear
2023-04-20,10:07:49,20.43597,Wind shear
2023-04-20,10:07:59,21.44541,Wind shear
2023-04-20,10:08:09,21.81064,Wind shear
2023-04-20,10:08:19,21.61193,Wind shear
2023-04-20,10:08:29,21.55047,Wind shear
2023-04-20,10:08:39,21.24506,Wind shear
2023-04-20,10:08:49,22.82810,Wind shear
2023-04-20,10:08:59,23.62417,Wind shear
2023-04-20,10:09:09,30.78455,Microburst
2023-04-20,10:09:19,30.11330,Microburst
2023-04-20,10:09:29,24.39497,Wind shear
2023-04-20,10:09:39,24.57861,Wind shear
2023-04-20,10:09:49,25.32202,Wind shear
2023-04-20,10:09:59,24.47544,Wind shear
2023-04-20,10:10:09,23.82405,Wind shear
2023-04-20,10:10:19,21.44649,Wind shear
2023-04-20,10:10:29,20.87908,Wind shear
2023-04-20,10:10:38,21.80623,Wind shear
2023-04-20,10:10:49,24.97610,Wind shear
2023-04-20,10:10:59,30.64316,Microburst
2023-04-20,10:11:09,32.57882,Microburst
2023-04-20,10:11:19,33.33802,Microburst
2023-04-20,10:11:29,32.70265,Microburst
2023-04-20,10:11:39,32.31896,Microburst
2023-04-20,10:11:49,34.61719,Microburst
2023-04-20,10:11:59,37.24310,Microburst
2023-04-20,10:12:09,40.90200,Microburst
2023-04-20,10:12:19,40.67764,Microburst
2023-04-20,10:12:29,39.75398,Microburst
2023-04-20,10:12:39,41.04815,Microburst
2023-04-20,10:12:49,42.78778,Microburst
2023-04-20,10:12:59,36.33468,Microburst
2023-04-20,10:13:09,32.95434,Microburst
2023-04-20,10:13:19,35.73755,Microburst
2023-04-20,10:13:29,36.92577,Microburst
2023-04-20,10:13:39,38.62645,Microburst
2023-04-20,10:13:49,40.55244,Microburst
2023-04-20,10:13:59,40.60887,Microburst
2023-04-20,10:14:09,39.36952,Microburst
2023-04-20,10:14:19,42.63283,Microburst
2023-04-20,10:14:29,42.40053,Microburst
2023-04-20,10:14:38,41.58861,Microburst
2023-04-20,10:14:49,38.09699,Microburst
2023-04-20,10:14:59,35.72377,Microburst
2023-04-20,10:15:09,33.85610,Microburst
2023-04-20,10:15:19,36.10814,Microburst
2023-04-20,10:15:29,36.63021,Microburst
2023-04-20,10:15:39,36.95178,Microburst
2023-04-20,10:15:49,27.17638,Wind shear
2023-04-20,10:15:59,30.76048,Microburst
2023-04-20,10:16:09,22.74592,Wind shear
2023-04-20,10:16:19,32.86416,Microburst
2023-04-20,10:16:29,35.90185,Microburst
2023-04-20,10:16:39,35.54810,Microburst
2023-04-20,10:16:49,37.79020,Microburst
2023-04-20,10:16:59,42.05926,Microburst
2023-04-20,10:17:09,43.51756,Microburst
2023-04-20,10:17:18,43.59053,Microburst
2023-04-20,10:17:29,40.96469,Microburst
2023-04-20,10:17:39,39.48392,Microburst
2023-04-20,10:17:49,39.18847,Microburst
2023-04-20,10:17:59,42.23256,Microburst
2023-04-20,10:18:09,42.46995,Microburst
2023-04-20,10:18:19,42.50440,Microburst
2023-04-20,10:18:29,41.89111,Microburst
2023-04-20,10:18:39,42.03411,Microburst
2023-04-20,10:18:49,44.71681,Microburst
2023-04-20,10:18:59,38.48419,Microburst
2023-04-20,10:19:09,35.06526,Microburst
2023-04-20,10:19:19,37.77802,Microburst
2023-04-20,10:19:29,22.79288,Wind shear
2023-04-20,10:20:49,24.75082,Wind shear
2023-04-20,10:20:59,31.89997,Microburst
2023-04-20,10:21:09,31.21002,Microburst
2023-04-20,10:21:18,32.94471,Microburst
2023-04-20,10:21:29,37.19918,Microburst
2023-04-20,10:21:39,39.23221,Microburst
2023-04-20,10:21:49,34.47085,Microburst
2023-04-20,10:21:59,37.76107,Microburst
2023-04-20,10:22:09,38.75229,Microburst
2023-04-20,10:22:19,41.83320,Microburst
2023-04-20,10:22:29,45.37909,Microburst
2023-04-20,10:22:39,46.62163,Microburst
2023-04-20,10:22:49,44.78704,Microburst
2023-04-20,10:22:59,42.14178,Microburst
2023-04-20,10:23:09,44.62344,Microburst
2023-04-20,10:23:19,42.96075,Microburst
2023-04-20,10:23:29,42.06504,Microburst
2023-04-20,10:23:39,36.54064,Microburst
2023-04-20,10:23:48,36.32578,Microburst
2023-04-20,10:23:59,35.78804,Microburst
2023-04-20,10:24:09,37.34676,Microburst
2023-04-20,10:24:19,32.85564,Microburst
2023-04-20,10:24:28,34.71325,Microburst
2023-04-20,10:24:39,38.44683,Microburst
2023-04-20,10:24:49,40.14876,Microburst
2023-04-20,10:24:59,38.50962,Microburst
2023-04-20,10:25:09,33.82243,Microburst
2023-04-20,10:25:19,24.23810,Wind shear
2023-04-20,10:25:29,24.96056,Wind shear
2023-04-20,10:25:38,23.12257,Wind shear
2023-04-20,10:25:49,20.70428,Wind shear
2023-04-20,10:25:59,20.80113,Wind shear
2023-04-20,10:26:09,15.65640,Wind shear
2023-04-20,10:28:39,22.43078,Wind shear
2023-04-20,10:28:49,26.17759,Wind shear
2023-04-20,10:28:59,23.44997,Wind shear
2023-04-20,10:29:09,19.69877,Wind shear
2023-04-20,10:29:19,19.43212,Wind shear
2023-04-20,10:29:29,20.25079,Wind shear
2023-04-20,10:29:39,23.54927,Wind shear
2023-04-20,10:29:49,19.73428,Wind shear
2023-04-20,10:29:59,19.11747,Wind shear
2023-04-20,10:30:09,19.77316,Wind shear
2023-04-20,10:30:19,17.65270,Wind shear
2023-04-20,10:36:29,16.89777,Wind shear
2023-04-20,10:36:39,17.83436,Wind shear
2023-04-20,10:36:49,18.06744,Wind shear
2023-04-20,10:36:59,16.88940,Wind shear
2023-04-20,10:37:09,15.82712,Wind shear
2023-04-20,10:40:58,15.59665,Wind shear
2023-04-20,10:43:29,18.19239,Wind shear
2023-04-20,10:43:38,18.56934,Wind shear
2023-04-20,10:43:49,18.58335,Wind shear
2023-04-20,10:43:59,17.33976,Wind shear
2023-04-20,10:44:09,16.19542,Wind shear
2023-04-20,10:44:19,15.47114,Wind shear
2023-04-20,11:34:29,21.16377,Wind shear
2023-04-20,11:34:39,21.08589,Wind shear
2023-04-20,11:34:49,20.40407,Wind shear
2023-04-20,11:34:59,19.76718,Wind shear
2023-04-20,11:35:09,18.93565,Wind shear
2023-04-20,11:35:19,18.38609,Wind shear
2023-04-21,11:56:19,21.43315,Wind shear
2023-04-21,11:56:29,21.81814,Wind shear
2023-04-21,11:56:39,18.81807,Wind shear
2023-04-21,11:56:49,17.41219,Wind shear
2023-04-21,12:04:59,16.78790,Wind shear
2023-04-21,12:05:09,18.14974,Wind shear
2023-04-21,12:05:19,17.96080,Wind shear
2023-04-21,12:05:29,18.74478,Wind shear
2023-04-21,12:05:38,18.63250,Wind shear
2023-04-21,12:05:49,20.01229,Wind shear
2023-04-21,12:05:59,20.49201,Wind shear
2023-04-21,12:06:09,20.56229,Wind shear
2023-04-21,12:06:19,19.78892,Wind shear
2023-04-21,12:06:29,18.42471,Wind shear
2023-04-21,12:06:39,17.56096,Wind shear
2023-04-21,12:06:49,16.65611,Wind shear
2023-04-21,12:06:59,16.23301,Wind shear
2023-04-21,12:07:48,19.97357,Wind shear
2023-04-21,12:07:59,21.26854,Wind shear
2023-04-21,12:08:09,21.24908,Wind shear
2023-04-21,12:08:19,20.27220,Wind shear
2023-04-21,12:08:29,20.16556,Wind shear
2023-04-21,12:08:39,19.24310,Wind shear
2023-04-21,12:08:49,20.04501,Wind shear
2023-04-21,12:08:59,18.76894,Wind shear
2023-04-21,12:09:09,17.74104,Wind shear
2023-04-21,12:09:19,16.18090,Wind shear
2023-04-21,12:09:29,15.74855,Wind shear
2023-04-21,12:13:19,25.48142,Wind shear
2023-04-21,12:13:29,24.65248,Wind shear
2023-04-21,12:13:39,23.03361,Wind shear
2023-04-21,12:13:49,20.26755,Wind shear
2023-04-21,12:13:59,17.21901,Wind shear
2023-04-21,12:14:08,16.38863,Wind shear
2023-04-21,12:15:39,21.03138,Wind shear
2023-04-21,12:15:49,23.83900,Wind shear
2023-04-21,12:15:59,26.98246,Wind shear
2023-04-21,12:16:09,28.02661,Wind shear
2023-04-21,12:16:19,27.98866,Wind shear
2023-04-21,12:16:29,29.11496,Wind shear
2023-04-21,12:16:39,29.20776,Wind shear
2023-04-21,12:16:49,29.02135,Wind shear
2023-04-21,12:16:59,29.98967,Wind shear
2023-04-21,12:17:09,27.67005,Wind shear
2023-04-21,12:17:19,26.05310,Wind shear
2023-04-21,12:17:29,27.14262,Wind shear
2023-04-21,12:17:39,26.56561,Wind shear
2023-04-21,12:17:49,26.60259,Wind shear
2023-04-21,12:17:59,27.12531,Wind shear
2023-04-21,12:18:09,24.59990,Wind shear
2023-04-21,12:18:19,21.77363,Wind shear
2023-04-21,12:18:29,20.54152,Wind shear
2023-04-21,12:18:39,17.83141,Wind shear
2023-04-21,12:18:49,17.89990,Wind shear
2023-04-21,12:19:59,18.21761,Wind shear
2023-04-21,12:20:09,16.82200,Wind shear
2023-04-21,12:20:19,15.29902,Wind shear
2023-04-21,12:22:49,17.77434,Wind shear
2023-04-21,12:22:59,18.26435,Wind shear
2023-04-21,12:23:09,19.40804,Wind shear
2023-04-21,12:23:19,20.34839,Wind shear
2023-04-21,12:23:29,21.80588,Wind shear
2023-04-21,12:23:39,23.60750,Wind shear
2023-04-21,12:23:49,30.47777,Microburst
2023-04-21,12:23:59,24.44408,Wind shear
2023-04-21,12:24:09,25.05132,Wind shear
2023-04-21,12:24:19,24.72178,Wind shear
2023-04-21,12:24:29,24.78467,Wind shear
2023-04-21,12:24:39,24.19847,Wind shear
2023-04-21,12:24:49,23.93132,Wind shear
2023-04-21,12:24:59,31.77553,Microburst
2023-04-21,12:25:09,32.85982,Microburst
2023-04-21,12:25:19,35.06095,Microburst
2023-04-21,12:25:29,34.80501,Microburst
2023-04-21,12:25:39,36.17560,Microburst
2023-04-21,12:25:49,34.08234,Microburst
2023-04-21,12:25:59,35.19071,Microburst
2023-04-21,12:26:08,35.39340,Microburst
2023-04-21,12:26:19,35.50892,Microburst
2023-04-21,12:26:29,34.83146,Microburst
2023-04-21,12:26:39,33.11036,Microburst
2023-04-21,12:26:49,32.87929,Microburst
2023-04-21,12:26:58,32.48197,Microburst
2023-04-21,12:27:09,31.09624,Microburst
2023-04-21,12:27:19,31.88527,Microburst
2023-04-21,12:27:29,32.01365,Microburst
2023-04-21,12:27:39,17.62764,Wind shear
2023-04-21,12:27:49,21.34168,Wind shear
2023-04-21,12:27:59,17.35764,Wind shear
2023-04-21,12:32:59,33.07663,Microburst
2023-04-21,12:33:09,35.15567,Microburst
2023-04-21,12:33:19,35.34407,Microburst
2023-04-21,12:33:29,36.88642,Microburst
2023-04-21,12:33:39,36.50780,Microburst
2023-04-21,12:33:49,37.39226,Microburst
2023-04-21,12:33:59,36.32786,Microburst
2023-04-21,12:34:09,35.18030,Microburst
2023-04-21,12:34:19,34.10306,Microburst
2023-04-21,12:34:29,32.59057,Microburst
2023-04-21,12:34:38,30.63212,Microburst
2023-04-21,12:34:49,28.17665,Wind shear
2023-04-21,12:34:58,30.25806,Microburst
2023-04-21,12:35:09,24.83327,Wind shear
2023-04-21,12:35:19,24.26280,Wind shear
2023-04-21,12:35:29,23.96285,Wind shear
2023-04-21,12:35:39,23.34594,Wind shear
2023-04-21,12:35:49,19.02671,Wind shear
2023-04-21,12:55:49,25.51391,Wind shear
2023-04-21,12:55:58,25.80130,Wind shear
2023-04-21,12:56:09,25.34565,Wind shear
2023-04-21,12:56:19,24.23756,Wind shear
2023-04-21,12:56:28,23.55891,Wind shear
2023-04-21,12:56:39,22.37688,Wind shear
2023-04-21,12:56:49,22.27230,Wind shear
2023-04-21,12:56:59,21.07295,Wind shear
2023-04-21,12:57:09,20.58766,Wind shear
2023-04-21,12:57:19,20.01194,Wind shear
2023-04-21,12:57:29,20.08376,Wind shear
2023-04-21,12:57:39,20.46691,Wind shear
2023-04-21,12:57:49,20.27243,Wind shear
2023-04-21,12:57:59,20.73961,Wind shear
2023-04-21,12:58:08,21.06680,Wind shear
2023-04-21,12:58:19,21.62765,Wind shear
2023-04-21,12:58:29,22.49129,Wind shear
2023-04-21,12:58:38,22.75447,Wind shear
2023-04-21,12:58:49,22.61176,Wind shear
2023-04-21,12:58:59,22.93266,Wind shear
2023-04-21,12:59:09,23.31805,Wind shear
2023-04-21,12:59:19,23.45930,Wind shear
2023-04-21,12:59:29,23.81008,Wind shear
2023-04-21,12:59:39,18.92388,Wind shear
2023-04-21,12:59:49,18.39002,Wind shear
2023-04-21,12:59:59,23.52740,Wind shear
2023-04-21,13:00:09,23.90309,Wind shear
2023-04-21,13:00:18,23.87782,Wind shear
2023-04-21,13:00:29,23.45776,Wind shear
2023-04-21,13:00:39,21.94837,Wind shear
2023-04-21,13:00:49,20.94968,Wind shear
2023-04-21,13:00:59,20.36497,Wind shear
2023-04-21,13:01:09,20.95975,Wind shear
2023-04-21,13:01:19,21.37571,Wind shear
2023-04-21,13:01:29,21.43180,Wind shear
2023-04-21,13:01:38,22.24763,Wind shear
2023-04-21,13:01:49,23.32591,Wind shear
2023-04-21,13:01:59,22.77645,Wind shear
2023-04-21,13:02:09,21.56620,Wind shear
2023-04-21,13:02:19,20.27525,Wind shear
2023-04-21,13:02:29,18.69842,Wind shear
2023-04-21,13:02:39,17.57816,Wind shear
2023-04-21,13:05:49,18.13054,Wind shear
2023-04-21,13:05:59,18.39072,Wind shear
2023-04-21,13:06:09,18.04278,Wind shear
2023-04-21,13:06:19,17.20928,Wind shear
2023-04-21,13:06:29,15.78122,Wind shear
2023-04-21,13:07:59,16.78113,Wind shear
2023-04-21,13:08:09,17.14880,Wind shear
2023-04-21,13:08:19,17.72585,Wind shear
2023-04-21,13:08:29,18.26094,Wind shear
2023-04-21,13:08:39,18.41114,Wind shear
2023-04-21,13:08:49,18.12692,Wind shear
2023-04-21,13:08:59,17.79291,Wind shear
2023-04-21,13:09:09,17.32020,Wind shear
2023-04-21,13:09:19,16.32893,Wind shear
2023-04-21,13:09:29,15.75209,Wind shear
2023-04-21,13:11:49,23.72077,Wind shear
2023-04-21,13:11:59,22.32612,Wind shear
2023-04-21,13:12:09,21.53980,Wind shear
2023-04-21,13:12:19,21.39123,Wind shear
2023-04-21,13:12:29,20.55231,Wind shear
2023-04-21,13:12:39,21.10672,Wind shear
2023-04-21,13:16:29,21.03819,Wind shear
2023-04-21,13:16:39,20.37952,Wind shear
2023-04-21,13:16:49,18.26755,Wind shear
2023-04-21,13:16:59,17.00195,Wind shear
2023-04-21,13:21:59,22.17694,Wind shear
2023-04-21,13:22:09,21.37220,Wind shear
2023-04-21,13:22:19,20.36990,Wind shear
2023-04-21,13:22:29,19.17108,Wind shear
2023-04-21,13:22:39,18.83161,Wind shear
2023-04-22,13:40:59,24.60726,Wind shear
2023-04-22,13:41:09,25.69825,Wind shear
2023-04-22,13:41:18,24.41427,Wind shear
2023-04-22,13:41:29,22.64201,Wind shear
2023-04-22,13:41:39,21.53708,Wind shear
2023-04-22,13:41:49,21.88406,Wind shear
2023-04-22,13:41:59,22.32575,Wind shear
2023-04-22,13:42:09,21.67121,Wind shear
2023-04-22,13:42:19,22.83201,Wind shear
2023-04-22,13:42:28,24.89300,Wind shear
2023-04-22,13:42:39,26.23393,Wind shear
2023-04-22,13:42:49,27.24605,Wind shear
2023-04-22,13:42:59,26.70120,Wind shear
2023-04-22,13:43:09,25.05175,Wind shear
2023-04-22,13:43:19,22.83775,Wind shear
2023-04-22,13:43:29,21.19841,Wind shear
2023-04-22,13:43:39,21.23428,Wind shear
2023-04-22,13:43:49,19.82205,Wind shear
2023-04-22,13:43:59,19.24031,Wind shear
2023-04-22,13:44:09,19.51266,Wind shear
2023-04-22,13:44:19,20.06377,Wind shear
2023-04-22,13:44:29,21.17741,Wind shear
2023-04-22,13:48:09,18.36183,Wind shear
2023-04-22,13:48:18,18.72242,Wind shear
2023-04-22,13:52:59,33.29743,Microburst
2023-04-22,13:53:09,36.49896,Microburst
2023-04-22,13:53:19,38.31764,Microburst
2023-04-22,13:53:29,40.55202,Microburst
2023-04-22,13:53:39,45.07800,Microburst
2023-04-22,13:53:48,52.23331,Microburst
2023-04-22,13:53:59,58.56288,Microburst
2023-04-22,13:54:09,64.92256,Microburst
2023-04-22,13:54:19,67.68322,Microburst
2023-04-22,13:54:29,68.95236,Microburst
2023-04-22,13:54:39,69.06197,Microburst
2023-04-22,13:54:49,63.66831,Microburst
2023-04-22,13:54:58,57.67457,Microburst
2023-04-22,13:55:09,71.53937,Microburst
2023-04-22,13:55:19,69.97714,Microburst
2023-04-22,13:55:29,67.95303,Microburst
2023-04-22,13:55:39,67.81028,Microburst
2023-04-22,13:55:49,65.82386,Microburst
2023-04-22,13:55:58,66.50875,Microburst
2023-04-22,13:56:09,63.00252,Microburst
2023-04-22,13:56:19,73.38112,Microburst
2023-04-22,13:56:29,61.50464,Microburst
2023-04-22,13:56:39,64.85234,Microburst
2023-04-22,13:56:49,68.03631,Microburst
2023-04-22,13:56:59,69.12336,Microburst
2023-04-22,13:57:09,66.44439,Microburst
2023-04-22,13:57:19,65.08184,Microburst
2023-04-22,13:57:29,62.07850,Microburst
2023-04-22,13:57:39,58.49656,Microburst
2023-04-22,13:57:49,55.61940,Microburst
2023-04-22,13:57:59,55.67875,Microburst
2023-04-22,13:58:09,55.97888,Microburst
2023-04-22,13:58:19,53.70740,Microburst
2023-04-22,13:58:29,53.89255,Microburst
2023-04-22,13:58:39,50.87518,Microburst
2023-04-22,13:58:49,49.69214,Microburst
2023-04-22,13:58:59,48.89586,Microburst
2023-04-22,13:59:09,49.37034,Microburst
2023-04-22,13:59:19,48.72498,Microburst
2023-04-22,13:59:29,49.81700,Microburst
2023-04-22,13:59:39,52.62016,Microburst
2023-04-22,13:59:49,54.54591,Microburst
2023-04-22,13:59:59,53.38035,Microburst
2023-04-22,14:00:09,55.37889,Microburst
2023-04-22,14:00:19,60.61990,Microburst
2023-04-22,14:00:29,65.16189,Microburst
2023-04-22,14:00:39,68.72662,Microburst
2023-04-22,14:00:49,70.18469,Microburst
2023-04-22,14:00:59,66.53068,Microburst
2023-04-22,14:01:09,61.91768,Microburst
2023-04-22,14:01:19,53.07831,Microburst
2023-04-22,14:01:29,51.81547,Microburst
2023-04-22,14:01:39,56.64102,Microburst
2023-04-22,14:01:49,58.64616,Microburst
2023-04-22,14:01:59,54.85735,Microburst
2023-04-22,14:02:09,50.01504,Microburst
2023-04-22,14:02:19,45.46231,Microburst
2023-04-22,14:02:29,40.69450,Microburst
2023-04-22,14:02:39,37.25389,Microburst
2023-04-22,14:02:49,32.89427,Microburst
2023-04-22,14:02:59,30.08928,Microburst
2023-04-22,14:03:09,24.06511,Wind shear
2023-04-22,14:03:19,24.96875,Wind shear
2023-04-22,14:03:29,24.92972,Wind shear
2023-04-22,14:03:39,25.45277,Wind shear
2023-04-22,14:03:49,25.38143,Wind shear
2023-04-22,14:03:59,24.64668,Wind shear
2023-04-22,14:04:09,22.92904,Wind shear
2023-04-22,14:04:19,19.63332,Wind shear
2023-04-22,14:04:29,16.28983,Wind shear
2023-04-22,14:06:19,23.43400,Wind shear
2023-04-22,14:06:29,23.00103,Wind shear
2023-04-22,14:06:39,21.71090,Wind shear
2023-04-22,14:06:49,20.34082,Wind shear
2023-04-22,14:06:59,19.75963,Wind shear
2023-04-22,14:07:09,20.73575,Wind shear
2023-04-22,14:07:19,20.55556,Wind shear
2023-04-22,14:07:29,19.20833,Wind shear
2023-04-22,14:07:39,18.15021,Wind shear
2023-04-22,14:07:49,18.05959,Wind shear
2023-04-22,14:07:59,17.95449,Wind shear
2023-04-22,14:08:09,17.55150,Wind shear
2023-04-22,14:08:19,18.27329,Wind shear
2023-04-22,14:08:29,19.20534,Wind shear
2023-04-22,14:08:39,20.28541,Wind shear
2023-04-22,14:08:49,20.88050,Wind shear
2023-04-22,14:08:59,20.29541,Wind shear
2023-04-22,14:09:09,19.04885,Wind shear
2023-04-22,14:09:19,17.36761,Wind shear
2023-04-22,14:09:29,15.74461,Wind shear
2023-04-22,14:10:19,16.20662,Wind shear
2023-04-22,14:10:29,15.88049,Wind shear
2023-04-22,14:10:39,15.46305,Wind shear
2023-04-25,20:31:19,18.32958,Wind shear
2023-04-25,20:31:29,19.37777,Wind shear
2023-04-25,20:31:39,19.70639,Wind shear
2023-04-25,20:31:48,20.40669,Wind shear
2023-04-25,20:31:58,22.13746,Wind shear
2023-04-25,20:32:09,23.49259,Wind shear
2023-04-25,20:32:18,24.83880,Wind shear
2023-04-25,20:32:29,25.29037,Wind shear
2023-04-25,20:32:39,25.36589,Wind shear
2023-04-25,20:32:49,24.77590,Wind shear
2023-04-25,20:32:59,23.81394,Wind shear
2023-04-25,20:33:09,23.87166,Wind shear
2023-04-25,20:33:18,24.41751,Wind shear
2023-04-25,20:33:29,40.44249,Microburst
2023-04-25,20:33:39,42.16889,Microburst
2023-04-25,20:33:49,41.69370,Microburst
2023-04-25,20:33:59,40.19008,Microburst
2023-04-25,20:34:09,40.48849,Microburst
2023-04-25,20:34:19,42.18845,Microburst
2023-04-25,20:34:29,42.83809,Microburst
2023-04-25,20:34:39,45.29600,Microburst
2023-04-25,20:34:49,49.84086,Microburst
2023-04-25,20:34:59,54.47681,Microburst
2023-04-25,20:35:09,54.85671,Microburst
2023-04-25,20:35:18,52.12890,Microburst
2023-04-25,20:35:29,51.00772,Microburst
2023-04-25,20:35:38,50.88925,Microburst
2023-04-25,20:35:49,49.59418,Microburst
2023-04-25,20:35:59,47.32748,Microburst
2023-04-25,20:36:09,48.06408,Microburst
2023-04-25,20:36:18,51.62908,Microburst
2023-04-25,20:36:29,54.08365,Microburst
2023-04-25,20:36:39,55.81225,Microburst
2023-04-25,20:36:49,55.58619,Microburst
2023-04-25,20:36:59,55.52116,Microburst
2023-04-25,20:37:08,54.49891,Microburst
2023-04-25,20:37:19,52.75690,Microburst
2023-04-25,20:37:29,52.23981,Microburst
2023-04-25,20:37:39,51.45421,Microburst
2023-04-25,20:37:49,50.08539,Microburst
2023-04-25,20:37:59,50.07492,Microburst
2023-04-25,20:38:09,50.58410,Microburst
2023-04-25,20:38:19,49.37603,Microburst
2023-04-25,20:38:28,46.79280,Microburst
2023-04-25,20:38:39,45.04273,Microburst
2023-04-25,20:38:49,41.56902,Microburst
2023-04-25,20:38:59,38.58107,Microburst
2023-04-25,20:39:09,37.22840,Microburst
2023-04-25,20:39:19,35.87206,Microburst
2023-04-25,20:39:29,36.63039,Microburst
2023-04-25,20:39:39,36.38433,Microburst
2023-04-25,20:39:49,35.79495,Microburst
2023-04-25,20:39:58,35.07409,Microburst
2023-04-25,20:40:09,34.20540,Microburst
2023-04-25,20:40:19,32.48275,Microburst
2023-04-25,20:40:29,28.83100,Wind shear
2023-04-25,20:40:39,27.46660,Wind shear
2023-04-25,20:40:49,26.51088,Wind shear
2023-04-25,20:40:59,25.33592,Wind shear
2023-04-25,20:41:09,24.38675,Wind shear
2023-04-25,20:41:19,23.55737,Wind shear
2023-04-25,20:41:29,22.63047,Wind shear
2023-04-25,20:41:38,22.11697,Wind shear
2023-04-25,20:41:49,20.85828,Wind shear
2023-04-25,20:41:59,19.23165,Wind shear
2023-04-25,20:42:08,19.11921,Wind shear
2023-04-25,20:42:19,18.73467,Wind shear
2023-04-25,20:42:28,18.09512,Wind shear
2023-04-25,20:42:39,17.04013,Wind shear
2023-04-25,20:42:49,15.87061,Wind shear
2023-04-26,11:35:49,17.82746,Wind shear
2023-04-26,11:35:59,18.02688,Wind shear
2023-04-26,11:36:09,17.95944,Wind shear
2023-04-26,11:36:19,17.49026,Wind shear
2023-04-26,11:36:29,16.74727,Wind shear
2023-04-26,11:36:39,16.47751,Wind shear
2023-04-26,11:42:19,17.05051,Wind shear
2023-04-26,11:42:29,17.31434,Wind shear
2023-04-26,11:42:39,17.33612,Wind shear
2023-04-26,11:42:49,17.51336,Wind shear
2023-04-26,11:42:59,17.40006,Wind shear
2023-04-26,11:43:09,16.89283,Wind shear
2023-04-26,11:43:19,16.34810,Wind shear
2023-04-26,11:43:29,15.70864,Wind shear
2023-04-30,17:39:39,24.48407,Wind shear
2023-04-30,17:39:49,24.12460,Wind shear
2023-04-30,17:39:59,23.38333,Wind shear
2023-04-30,17:40:09,22.85556,Wind shear
2023-04-30,17:40:19,22.52246,Wind shear
2023-04-30,17:40:29,22.10693,Wind shear
2023-04-30,17:40:39,21.34907,Wind shear
2023-04-30,17:40:49,20.90591,Wind shear
2023-05-01,05:39:19,21.51489,Wind shear
2023-05-01,05:39:29,21.32489,Wind shear
2023-05-01,05:39:39,21.19036,Wind shear
2023-05-01,05:39:49,20.43029,Wind shear
2023-05-01,05:39:59,19.74348,Wind shear
2023-05-01,05:40:09,19.97466,Wind shear
2023-05-01,05:40:19,20.18680,Wind shear
2023-05-01,05:40:29,20.40574,Wind shear
2023-05-01,05:40:38,19.41737,Wind shear
2023-05-01,05:40:49,18.51772,Wind shear
2023-05-01,05:40:59,15.69100,Wind shear
2023-05-01,05:41:09,15.84496,Wind shear
2023-05-02,13:53:49,21.75308,Wind shear
2023-05-02,13:53:59,23.08269,Wind shear
2023-05-02,13:54:09,30.55196,Microburst
2023-05-02,13:54:19,31.19823,Microburst
2023-05-02,13:54:29,31.54316,Microburst
2023-05-02,13:54:39,30.78124,Microburst
2023-05-02,13:54:49,30.64975,Microburst
2023-05-02,13:54:59,30.79282,Microburst
2023-05-02,13:55:09,30.12203,Microburst
2023-05-02,13:55:19,22.63061,Wind shear
2023-05-02,13:55:29,21.77471,Wind shear
2023-05-02,13:55:39,30.11108,Microburst
2023-05-02,13:55:49,31.96923,Microburst
2023-05-02,13:55:59,37.17520,Microburst
2023-05-02,13:56:09,39.51318,Microburst
2023-05-02,13:56:19,39.54927,Microburst
2023-05-02,13:56:29,37.75631,Microburst
2023-05-02,13:56:39,34.87545,Microburst
2023-05-02,13:56:49,35.32348,Microburst
2023-05-02,13:56:59,35.04887,Microburst
2023-05-02,13:57:08,34.41918,Microburst
2023-05-02,13:57:19,35.01191,Microburst
2023-05-02,13:57:29,35.36509,Microburst
2023-05-02,13:57:39,34.61619,Microburst
2023-05-02,13:57:49,33.54826,Microburst
2023-05-02,13:57:59,33.66874,Microburst
2023-05-02,13:58:09,33.40953,Microburst
2023-05-02,13:58:19,32.67132,Microburst
2023-05-02,13:58:29,33.37226,Microburst
2023-05-02,13:58:39,33.76155,Microburst
2023-05-02,13:58:49,32.02745,Microburst
2023-05-02,13:58:59,30.85912,Microburst
2023-05-02,13:59:09,30.84759,Microburst
2023-05-02,13:59:18,29.13944,Wind shear
2023-05-02,13:59:29,29.21262,Wind shear
2023-05-02,13:59:39,27.97370,Wind shear
2023-05-02,13:59:49,27.66635,Wind shear
2023-05-02,13:59:59,29.34490,Wind shear
2023-05-02,14:00:09,30.08886,Microburst
2023-05-02,14:00:19,29.29496,Wind shear
2023-05-02,14:00:29,29.42291,Wind shear
2023-05-02,14:00:39,28.81856,Wind shear
2023-05-02,14:00:49,27.98793,Wind shear
2023-05-02,14:00:59,27.03254,Wind shear
2023-05-02,14:01:09,24.83822,Wind shear
2023-05-02,14:01:19,23.13379,Wind shear
2023-05-02,14:01:29,20.61471,Wind shear
2023-05-02,14:01:39,19.91876,Wind shear
2023-05-02,14:01:49,19.95991,Wind shear
2023-05-02,14:01:59,18.77508,Wind shear
2023-05-02,14:02:09,17.92695,Wind shear
2023-05-02,14:02:19,17.93969,Wind shear
2023-05-02,14:02:29,18.70151,Wind shear
2023-05-02,14:02:39,19.42053,Wind shear
2023-05-02,14:02:49,18.22994,Wind shear
2023-05-02,14:02:59,16.98072,Wind shear
2023-05-02,14:03:09,15.92886,Wind shear
2023-05-05,05:04:09,16.98080,Wind shear
2023-05-05,05:04:19,16.10027,Wind shear
2023-05-05,05:04:29,15.19522,Wind shear
2023-05-08,11:16:39,20.21780,Wind shear
2023-05-08,11:16:49,19.26544,Wind shear
2023-05-08,11:16:59,18.51911,Wind shear
2023-05-08,11:17:09,16.59313,Wind shear
2023-05-08,12:51:19,18.42592,Wind shear
2023-05-08,12:51:29,18.53455,Wind shear
2023-05-08,12:51:39,18.25575,Wind shear
2023-05-08,12:51:49,18.67383,Wind shear
2023-05-08,12:51:59,17.24475,Wind shear
2023-05-08,12:52:09,16.68430,Wind shear
2023-05-08,12:52:19,15.52701,Wind shear
2023-05-14,07:59:29,16.16373,Wind shear
2023-05-14,07:59:39,15.95071,Wind shear
2023-05-14,07:59:49,15.66032,Wind shear
2023-05-14,07:59:59,17.53749,Wind shear
2023-05-14,08:00:09,19.04052,Wind shear
2023-05-14,08:00:19,19.25719,Wind shear
2023-05-14,08:00:29,15.83301,Wind shear
2023-05-31,10:01:19,48.25396,Microburst
2023-05-31,10:01:29,51.75449,Microburst
2023-05-31,10:01:39,50.43129,Microburst
2023-05-31,10:01:49,49.76289,Microburst
2023-05-31,10:01:58,44.38287,Microburst
2023-05-31,10:02:09,44.36813,Microburst
2023-05-31,10:02:19,44.63788,Microburst
2023-05-31,10:02:29,47.81084,Microburst
2023-05-31,10:02:39,50.84363,Microburst
2023-05-31,10:02:49,51.44609,Microburst
2023-05-31,10:02:59,50.81333,Microburst
2023-05-31,10:03:09,49.07698,Microburst
2023-05-31,10:03:19,46.11925,Microburst
2023-05-31,10:03:29,43.77137,Microburst
2023-05-31,10:03:39,40.91532,Microburst
2023-05-31,10:03:49,42.45691,Microburst
2023-05-31,10:03:59,48.72324,Microburst
2023-05-31,10:04:09,48.49395,Microburst
2023-05-31,10:04:19,50.18928,Microburst
2023-05-31,10:04:29,52.35889,Microburst
2023-05-31,10:04:39,54.53419,Microburst
2023-05-31,10:04:49,56.33778,Microburst
2023-05-31,10:04:59,56.95012,Microburst
2023-05-31,10:05:09,56.28262,Microburst
2023-05-31,10:05:19,53.39598,Microburst
2023-05-31,10:05:29,51.62505,Microburst
2023-05-31,10:05:39,50.98617,Microburst
2023-05-31,10:05:49,49.35936,Microburst
2023-05-31,10:05:58,47.37602,Microburst
2023-05-31,10:06:08,45.93158,Microburst
2023-05-31,10:06:18,44.85822,Microburst
2023-05-31,10:06:29,43.86491,Microburst
2023-05-31,10:06:39,42.86078,Microburst
2023-05-31,10:06:49,41.75054,Microburst
2023-05-31,10:06:59,41.06569,Microburst
2023-05-31,10:07:09,42.62309,Microburst
2023-05-31,10:07:19,42.53510,Microburst
2023-05-31,10:07:29,43.62271,Microburst
2023-05-31,10:07:39,43.21899,Microburst
2023-05-31,10:07:49,42.89883,Microburst
2023-05-31,10:07:59,41.04850,Microburst
2023-05-31,10:08:09,38.60366,Microburst
2023-05-31,10:08:19,34.97617,Microburst
2023-05-31,10:08:29,31.05070,Microburst
2023-05-31,10:08:39,21.26174,Wind shear
2023-05-31,10:08:49,19.19480,Wind shear
2023-05-31,10:08:59,17.85822,Wind shear
2023-05-31,10:09:09,16.51662,Wind shear
2023-05-31,10:09:19,15.15623,Wind shear
2023-05-31,10:10:39,30.10711,Microburst
2023-05-31,10:10:49,30.32490,Microburst
2023-06-05,07:10:19,19.52980,Wind shear
2023-06-05,07:10:29,18.76938,Wind shear
2023-06-05,07:10:39,18.57369,Wind shear
2023-06-05,07:12:19,19.47076,Wind shear
2023-06-05,07:12:29,20.56686,Wind shear
2023-06-05,07:12:39,21.55794,Wind shear
2023-06-05,07:12:49,21.61732,Wind shear
2023-06-05,07:12:59,21.92804,Wind shear
2023-06-05,07:13:09,22.25336,Wind shear
2023-06-05,07:13:19,21.58289,Wind shear
2023-06-05,07:13:29,22.03797,Wind shear
2023-06-05,07:13:39,21.56769,Wind shear
2023-06-05,07:13:49,21.79635,Wind shear
2023-06-05,07:13:59,22.55703,Wind shear
2023-06-05,07:14:09,23.75723,Wind shear
2023-06-05,07:14:19,23.53652,Wind shear
2023-06-05,07:14:29,23.47828,Wind shear
2023-06-05,07:14:39,23.47973,Wind shear
2023-06-05,07:14:49,23.07987,Wind shear
2023-06-05,07:14:59,23.38911,Wind shear
2023-06-05,07:15:09,23.49541,Wind shear
2023-06-05,07:15:19,23.24622,Wind shear
2023-06-05,07:15:29,23.66859,Wind shear
2023-06-05,07:15:38,23.96310,Wind shear
2023-06-05,07:15:49,23.78076,Wind shear
2023-06-05,07:15:59,24.01766,Wind shear
2023-06-05,07:16:09,24.65756,Wind shear
2023-06-05,07:16:19,23.83940,Wind shear
2023-06-05,07:16:29,22.88210,Wind shear
2023-06-05,07:16:39,23.16583,Wind shear
2023-06-05,07:16:49,23.95644,Wind shear
2023-06-05,07:16:59,24.10768,Wind shear
2023-06-05,07:17:09,24.50988,Wind shear
2023-06-05,07:17:19,24.80247,Wind shear
2023-06-05,07:17:29,24.46194,Wind shear
2023-06-05,07:17:39,24.44478,Wind shear
2023-06-05,07:17:49,23.98117,Wind shear
2023-06-05,07:17:59,23.52131,Wind shear
2023-06-05,07:18:09,22.92737,Wind shear
2023-06-05,07:18:19,22.72309,Wind shear
2023-06-05,07:18:28,23.04665,Wind shear
2023-06-05,07:18:39,22.87359,Wind shear
2023-06-05,07:18:49,22.58592,Wind shear
2023-06-05,07:18:59,23.00391,Wind shear
2023-06-05,07:19:09,23.11245,Wind shear
2023-06-05,07:19:19,22.91787,Wind shear
2023-06-05,07:19:28,23.35396,Wind shear
2023-06-05,07:19:39,23.56942,Wind shear
2023-06-05,07:19:49,23.16598,Wind shear
2023-06-05,07:19:59,22.38508,Wind shear
2023-06-05,07:20:09,21.99739,Wind shear
2023-06-05,07:20:19,21.77987,Wind shear
2023-06-05,07:20:29,21.36718,Wind shear
2023-06-05,07:20:39,20.74998,Wind shear
2023-06-05,07:20:49,20.09642,Wind shear
2023-06-05,07:20:59,19.17029,Wind shear
2023-06-05,07:21:09,18.92735,Wind shear
2023-06-05,07:21:19,19.54419,Wind shear
2023-06-05,07:35:59,22.12120,Wind shear
2023-06-05,07:36:09,23.06701,Wind shear
2023-06-05,07:36:18,23.22287,Wind shear
2023-06-05,07:36:29,23.04631,Wind shear
2023-06-05,07:36:38,22.88166,Wind shear
2023-06-05,07:36:49,21.53885,Wind shear
2023-06-05,07:36:59,20.49624,Wind shear
2023-06-05,07:37:09,19.01964,Wind shear
2023-06-05,07:37:19,19.17419,Wind shear
2023-06-05,07:38:19,21.01423,Wind shear
2023-06-05,07:38:29,21.13488,Wind shear
2023-06-05,07:38:39,20.78716,Wind shear
2023-06-05,07:38:49,21.11697,Wind shear
2023-06-05,07:38:59,21.66322,Wind shear
2023-06-05,07:39:09,21.81124,Wind shear
2023-06-05,07:39:19,22.09951,Wind shear
2023-06-05,07:39:28,21.64259,Wind shear
2023-06-05,07:39:38,21.32699,Wind shear
2023-06-05,07:39:49,21.80728,Wind shear
2023-06-05,07:39:59,22.66092,Wind shear
2023-06-05,07:40:09,23.13727,Wind shear
2023-06-05,07:40:19,23.52558,Wind shear
2023-06-05,07:40:29,24.02006,Wind shear
2023-06-05,07:40:39,24.78275,Wind shear
2023-06-05,07:40:49,24.60119,Wind shear
2023-06-05,07:40:59,23.80109,Wind shear
2023-06-05,07:41:09,23.07830,Wind shear
2023-06-05,07:41:18,22.26848,Wind shear
2023-06-05,07:41:28,21.87250,Wind shear
2023-06-05,07:41:39,21.41679,Wind shear
2023-06-05,07:41:49,21.36255,Wind shear
2023-06-05,07:41:59,22.24599,Wind shear
2023-06-05,07:42:09,23.05767,Wind shear
2023-06-05,07:42:19,23.32469,Wind shear
2023-06-05,07:42:29,23.40077,Wind shear
2023-06-05,07:42:39,23.27472,Wind shear
2023-06-05,07:42:49,23.03068,Wind shear
2023-06-05,07:42:59,22.81301,Wind shear
2023-06-05,07:43:09,20.51072,Wind shear
2023-06-05,07:43:18,19.33117,Wind shear
2023-06-05,07:43:29,18.12779,Wind shear
2023-06-05,07:43:39,18.04193,Wind shear
2023-06-05,07:44:29,23.15583,Wind shear
2023-06-05,07:44:38,23.27718,Wind shear
2023-06-05,07:44:49,23.19712,Wind shear
2023-06-05,07:44:59,22.98060,Wind shear
2023-06-05,07:45:09,22.26179,Wind shear
2023-06-05,07:45:19,21.17680,Wind shear
2023-06-05,07:45:28,20.89766,Wind shear
2023-06-05,07:45:39,19.89042,Wind shear
2023-06-05,07:45:49,18.73945,Wind shear
2023-06-10,05:56:49,21.83237,Wind shear
2023-06-10,05:56:59,21.09072,Wind shear
2023-06-10,05:57:09,20.02722,Wind shear
2023-06-10,05:57:19,19.26687,Wind shear
2023-06-10,05:57:29,19.40640,Wind shear
2023-06-10,05:57:38,19.75044,Wind shear
2023-06-10,05:57:49,19.52926,Wind shear
2023-06-10,05:57:59,19.79574,Wind shear
2023-06-10,05:58:09,19.82792,Wind shear
2023-06-10,05:58:19,19.57402,Wind shear
2023-06-10,05:58:29,18.81925,Wind shear
2023-06-10,05:58:39,17.82764,Wind shear
2023-06-10,05:58:49,17.42911,Wind shear
2023-06-10,05:58:59,17.29418,Wind shear
2023-06-10,05:59:09,17.14345,Wind shear
2023-06-10,05:59:19,16.63495,Wind shear
2023-06-10,05:59:28,15.91282,Wind shear
2023-06-10,05:59:39,15.09160,Wind shear
2023-06-10,05:59:49,15.02601,Wind shear
2023-06-10,05:59:59,15.41957,Wind shear
2023-06-10,06:00:09,15.33091,Wind shear
2023-06-10,06:00:39,21.25408,Wind shear
2023-06-10,06:00:49,23.54639,Wind shear
2023-06-10,06:00:59,25.35871,Wind shear
2023-06-10,06:01:09,26.66635,Wind shear
2023-06-10,06:01:19,27.79584,Wind shear
2023-06-10,06:01:29,31.12098,Microburst
2023-06-10,06:01:39,32.20234,Microburst
2023-06-10,06:01:48,33.18794,Microburst
2023-06-10,06:01:59,33.21739,Microburst
2023-06-10,06:02:09,32.98331,Microburst
2023-06-10,06:02:19,32.76890,Microburst
2023-06-10,06:02:29,32.33050,Microburst
2023-06-10,06:02:39,32.13952,Microburst
2023-06-10,06:02:49,31.86993,Microburst
2023-06-10,06:02:59,33.05167,Microburst
2023-06-10,06:03:09,33.67525,Microburst
2023-06-10,06:03:19,33.43153,Microburst
2023-06-10,06:03:29,32.19367,Microburst
2023-06-10,06:03:38,31.51561,Microburst
2023-06-10,06:03:48,30.72111,Microburst
2023-06-10,06:03:59,30.01703,Wind shear
2023-06-10,06:04:08,28.76943,Wind shear
2023-06-10,06:04:19,28.48719,Wind shear
2023-06-10,06:04:29,28.96684,Wind shear
2023-06-10,06:04:39,30.58209,Microburst
2023-06-10,06:04:49,30.89656,Microburst
2023-06-10,06:04:59,30.88723,Microburst
2023-06-10,06:05:09,30.63762,Microburst
2023-06-10,06:05:19,30.48491,Microburst
2023-06-10,06:05:29,28.64344,Wind shear
2023-06-10,06:05:39,30.45896,Microburst
2023-06-10,06:05:49,29.49766,Wind shear
2023-06-10,06:05:59,29.35928,Wind shear
2023-06-10,06:06:08,31.24850,Microburst
2023-06-10,06:06:19,31.15345,Microburst
2023-06-10,06:06:29,31.96544,Microburst
2023-06-10,06:06:39,32.71627,Microburst
2023-06-10,06:06:49,32.63551,Microburst
2023-06-10,06:06:59,31.76159,Microburst
2023-06-10,06:07:09,30.72435,Microburst
2023-06-10,06:07:19,29.39703,Wind shear
2023-06-10,06:07:29,30.50164,Microburst
2023-06-10,06:07:39,31.51574,Microburst
2023-06-10,06:07:49,31.97715,Microburst
2023-06-10,06:07:59,32.48954,Microburst
2023-06-10,06:08:09,32.96859,Microburst
2023-06-10,06:08:19,32.88774,Microburst
2023-06-10,06:08:29,32.09199,Microburst
2023-06-10,06:08:39,31.21682,Microburst
2023-06-10,06:08:48,30.06827,Microburst
2023-06-10,06:08:59,29.53213,Wind shear
2023-06-10,06:09:09,31.08238,Microburst
2023-06-10,06:09:19,31.94427,Microburst
2023-06-10,06:09:29,32.69596,Microburst
2023-06-10,06:09:39,32.86840,Microburst
2023-06-10,06:09:49,32.91895,Microburst
2023-06-10,06:09:59,32.38179,Microburst
2023-06-10,06:10:09,31.08435,Microburst
2023-06-10,06:10:19,30.76721,Microburst
2023-06-10,06:10:29,30.25680,Microburst
2023-06-10,06:10:39,30.41635,Microburst
2023-06-10,06:10:49,30.49000,Microburst
2023-06-10,06:10:59,31.67973,Microburst
2023-06-10,06:11:09,31.88481,Microburst
2023-06-10,06:11:19,31.60257,Microburst
2023-06-10,06:11:29,30.83186,Microburst
2023-06-10,06:11:39,29.89338,Wind shear
2023-06-10,06:11:49,29.02659,Wind shear
2023-06-10,06:11:59,28.26958,Wind shear
2023-06-10,06:12:08,27.64746,Wind shear
2023-06-10,06:12:19,26.33200,Wind shear
2023-06-10,06:12:29,24.70411,Wind shear
2023-06-10,06:12:39,23.43877,Wind shear
2023-06-10,06:12:49,23.55320,Wind shear
2023-06-10,06:12:59,23.97981,Wind shear
2023-06-10,06:13:09,24.11567,Wind shear
2023-06-10,06:13:19,23.77779,Wind shear
2023-06-10,06:13:29,23.42092,Wind shear
2023-06-10,06:13:39,23.27988,Wind shear
2023-06-10,06:13:49,23.52442,Wind shear
2023-06-10,06:13:58,23.08048,Wind shear
2023-06-10,06:14:08,22.45565,Wind shear
2023-06-10,06:14:19,22.23458,Wind shear
2023-06-10,06:14:29,22.27227,Wind shear
2023-06-10,06:14:38,22.53912,Wind shear
2023-06-10,06:14:49,22.36248,Wind shear
2023-06-10,06:14:59,22.44299,Wind shear
2023-06-10,06:15:09,22.29231,Wind shear
2023-06-10,06:15:18,21.56773,Wind shear
2023-06-10,06:15:29,21.10248,Wind shear
2023-06-10,06:15:39,20.42156,Wind shear
2023-06-10,06:15:49,20.02153,Wind shear
2023-06-10,06:15:59,19.48684,Wind shear
2023-06-10,06:16:09,19.39958,Wind shear
2023-06-10,06:16:19,19.53958,Wind shear
2023-06-10,06:16:29,19.75305,Wind shear
2023-06-10,06:16:39,19.22928,Wind shear
2023-06-10,06:16:49,18.39502,Wind shear
2023-06-10,06:16:59,18.06545,Wind shear
2023-06-10,06:17:09,17.74828,Wind shear
2023-06-10,06:17:19,17.42106,Wind shear
2023-06-10,06:17:29,16.91292,Wind shear
2023-06-10,06:17:39,16.46367,Wind shear
2023-06-10,06:17:49,16.70693,Wind shear
2023-06-10,06:17:59,16.75324,Wind shear
2023-06-10,06:18:08,17.24752,Wind shear
2023-06-10,06:18:19,17.22467,Wind shear
2023-06-10,06:18:29,17.22987,Wind shear
2023-06-10,06:18:39,17.07887,Wind shear
2023-06-10,06:18:49,17.17589,Wind shear
2023-06-10,06:18:59,17.16702,Wind shear
2023-06-10,06:19:08,16.55707,Wind shear
2023-06-10,06:19:19,16.55019,Wind shear
2023-06-10,06:19:28,16.81858,Wind shear
2023-06-10,06:19:38,17.10188,Wind shear
2023-06-10,06:19:49,17.04249,Wind shear
2023-06-10,06:19:59,17.08259,Wind shear
2023-06-10,06:20:09,17.01763,Wind shear
2023-06-10,06:20:19,16.69474,Wind shear
2023-06-10,06:20:29,16.51081,Wind shear
2023-06-10,06:20:39,16.22239,Wind shear
2023-06-10,06:20:49,16.19649,Wind shear
2023-06-10,06:23:39,15.43772,Wind shear
2023-06-10,06:23:49,15.77295,Wind shear
2023-06-10,06:23:59,15.98944,Wind shear
2023-06-10,06:24:09,16.16000,Wind shear
2023-06-10,06:24:19,16.08834,Wind shear
2023-06-10,06:24:29,15.94163,Wind shear
2023-06-10,06:24:39,15.97893,Wind shear
2023-06-10,06:24:49,15.53715,Wind shear
2023-06-18,07:44:49,27.91102,Wind shear
2023-06-18,07:44:58,29.96337,Wind shear
2023-06-18,07:45:09,33.32337,Microburst
2023-06-18,07:45:19,34.97342,Microburst
2023-06-18,07:45:29,33.64174,Microburst
2023-06-18,07:45:39,31.98430,Microburst
2023-06-18,07:45:49,24.89074,Wind shear
2023-06-18,07:45:59,24.90562,Wind shear
2023-06-18,07:46:09,35.72417,Microburst
2023-06-18,07:46:19,37.66385,Microburst
2023-06-18,07:46:29,39.03434,Microburst
2023-06-18,07:46:39,38.44679,Microburst
2023-06-18,07:46:48,38.20001,Microburst
2023-06-18,07:46:59,37.46723,Microburst
2023-06-18,07:47:09,37.55324,Microburst
2023-06-18,07:47:19,37.05723,Microburst
2023-06-18,07:47:28,34.97874,Microburst
2023-06-18,07:47:38,32.87397,Microburst
2023-06-18,07:47:49,30.67625,Microburst
2023-06-18,07:47:59,24.12569,Wind shear
2023-06-18,07:48:09,22.84603,Wind shear
2023-06-18,07:48:19,21.81002,Wind shear
2023-06-18,07:48:29,20.59931,Wind shear
2023-06-18,07:48:39,21.65231,Wind shear
2023-06-18,07:48:48,23.47562,Wind shear
2023-06-18,07:48:59,33.02074,Microburst
2023-06-18,07:49:09,31.99311,Microburst
2023-06-18,07:49:19,32.18384,Microburst
2023-06-18,07:49:29,31.50882,Microburst
2023-06-18,07:49:39,37.59665,Microburst
2023-06-18,07:49:49,39.13602,Microburst
2023-06-18,07:49:58,39.60560,Microburst
2023-06-18,07:50:09,40.07740,Microburst
2023-06-18,07:50:19,40.48048,Microburst
2023-06-18,07:50:29,40.86400,Microburst
2023-06-18,07:50:39,40.92541,Microburst
2023-06-18,07:50:49,40.90149,Microburst
2023-06-18,07:50:59,39.10804,Microburst
2023-06-18,07:51:09,37.28720,Microburst
2023-06-18,07:51:19,35.87069,Microburst
2023-06-18,07:51:29,38.04936,Microburst
2023-06-18,07:51:38,36.98474,Microburst
2023-06-18,07:51:49,35.11030,Microburst
2023-06-18,07:51:58,35.11694,Microburst
2023-06-18,07:52:08,35.08161,Microburst
2023-06-18,07:52:19,36.29207,Microburst
2023-06-18,07:52:29,36.03253,Microburst
2023-06-18,07:52:38,35.37111,Microburst
2023-06-18,07:52:49,35.87855,Microburst
2023-06-18,07:52:59,36.57094,Microburst
2023-06-18,07:53:09,36.82032,Microburst
2023-06-18,07:53:19,36.05260,Microburst
2023-06-18,07:53:29,35.34370,Microburst
2023-06-18,07:53:39,34.93390,Microburst
2023-06-18,07:53:49,34.37835,Microburst
2023-06-18,07:53:59,33.53242,Microburst
2023-06-18,07:54:09,33.28889,Microburst
2023-06-18,07:54:18,33.08159,Microburst
2023-06-18,07:54:29,33.81438,Microburst
2023-06-18,07:54:39,33.53631,Microburst
2023-06-18,07:54:49,32.94416,Microburst
2023-06-18,07:54:59,32.31178,Microburst
2023-06-18,07:55:09,31.97706,Microburst
2023-06-18,07:55:19,31.48056,Microburst
2023-06-18,07:55:29,31.18219,Microburst
2023-06-18,07:55:39,30.97081,Microburst
2023-06-18,07:55:49,29.76463,Wind shear
2023-06-18,07:55:59,29.25303,Wind shear
2023-06-18,07:56:09,28.36826,Wind shear
2023-06-18,07:56:18,29.59895,Wind shear
2023-06-18,07:56:29,31.15951,Microburst
2023-06-18,07:56:39,32.24260,Microburst
2023-06-18,07:56:49,32.46571,Microburst
2023-06-18,07:56:59,32.49919,Microburst
2023-06-18,07:57:09,33.11828,Microburst
2023-06-18,07:57:19,32.86615,Microburst
2023-06-18,07:57:29,32.85724,Microburst
2023-06-18,07:57:39,32.81243,Microburst
2023-06-18,07:57:49,32.58972,Microburst
2023-06-18,07:57:58,32.34593,Microburst
2023-06-18,07:58:09,31.63214,Microburst
2023-06-18,07:58:19,31.40684,Microburst
2023-06-18,07:58:29,31.54209,Microburst
2023-06-18,07:58:39,31.67422,Microburst
2023-06-18,07:58:49,31.64077,Microburst
2023-06-18,07:58:59,31.86830,Microburst
2023-06-18,07:59:09,32.34935,Microburst
2023-06-18,07:59:19,32.90164,Microburst
2023-06-18,07:59:29,33.36630,Microburst
2023-06-18,07:59:39,33.77539,Microburst
2023-06-18,07:59:48,34.13265,Microburst
2023-06-18,07:59:59,34.30569,Microburst
2023-06-18,08:00:09,35.63432,Microburst
2023-06-18,08:00:19,35.88852,Microburst
2023-06-18,08:00:29,35.85217,Microburst
2023-06-18,08:00:39,35.33606,Microburst
2023-06-18,08:00:49,34.61200,Microburst
2023-06-18,08:00:59,33.24378,Microburst
2023-06-18,08:01:08,32.30505,Microburst
2023-06-18,08:01:19,32.33919,Microburst
2023-06-18,08:01:29,32.29510,Microburst
2023-06-18,08:01:39,32.18175,Microburst
2023-06-18,08:01:49,31.57950,Microburst
2023-06-18,08:01:59,31.12368,Microburst
2023-06-18,08:02:09,30.67778,Microburst
2023-06-18,08:02:19,30.47205,Microburst
2023-06-18,08:02:29,29.91057,Wind shear
2023-06-18,08:02:39,29.52937,Wind shear
2023-06-18,08:02:49,29.41427,Wind shear
2023-06-18,08:02:59,29.06568,Wind shear
2023-06-18,08:03:09,28.88164,Wind shear
2023-06-18,08:03:19,28.82588,Wind shear
2023-06-18,08:03:29,28.58530,Wind shear
2023-06-18,08:03:39,28.87348,Wind shear
2023-06-18,08:03:49,28.88312,Wind shear
2023-06-18,08:03:59,28.86956,Wind shear
2023-06-18,08:04:08,28.92501,Wind shear
2023-06-18,08:04:19,29.28781,Wind shear
2023-06-18,08:04:29,29.16975,Wind shear
2023-06-18,08:04:39,28.83574,Wind shear
2023-06-18,08:04:49,28.84003,Wind shear
2023-06-18,08:04:59,28.46963,Wind shear
2023-06-18,08:05:09,28.39618,Wind shear
2023-06-18,08:05:19,28.27399,Wind shear
2023-06-18,08:05:29,32.16678,Microburst
2023-06-18,08:05:39,30.87519,Microburst
2023-06-18,08:05:49,27.00941,Wind shear
2023-06-18,08:05:59,27.64391,Wind shear
2023-06-18,08:06:09,27.44082,Wind shear
2023-06-18,08:06:19,26.59228,Wind shear
2023-06-18,08:06:29,25.87705,Wind shear
2023-06-18,08:06:39,26.30446,Wind shear
2023-06-18,08:06:49,26.72940,Wind shear
2023-06-18,08:06:59,26.98701,Wind shear
2023-06-18,08:07:09,26.55809,Wind shear
2023-06-18,08:07:19,26.17640,Wind shear
2023-06-18,08:07:29,25.56500,Wind shear
2023-06-18,08:07:39,25.01312,Wind shear
2023-06-18,08:07:49,24.77194,Wind shear
2023-06-18,08:07:59,25.69286,Wind shear
2023-06-18,08:08:09,26.15488,Wind shear
2023-06-18,08:08:19,26.33632,Wind shear
2023-06-18,08:08:29,34.63101,Microburst
2023-06-18,08:08:39,36.37007,Microburst
2023-06-18,08:08:49,37.75858,Microburst
2023-06-18,08:08:59,38.18127,Microburst
2023-06-18,08:09:08,38.53359,Microburst
2023-06-18,08:09:19,36.66016,Microburst
2023-06-18,08:09:29,38.77901,Microburst
2023-06-18,08:09:39,39.12642,Microburst
2023-06-18,08:09:49,41.78523,Microburst
2023-06-18,08:09:59,41.13433,Microburst
2023-06-18,08:10:09,41.64685,Microburst
2023-06-18,08:10:19,45.66764,Microburst
2023-06-18,08:10:29,48.61113,Microburst
2023-06-18,08:10:39,49.29482,Microburst
2023-06-18,08:10:49,47.54298,Microburst
2023-06-18,08:10:59,44.01738,Microburst
2023-06-18,08:11:09,43.81683,Microburst
2023-06-18,08:11:19,41.21652,Microburst
2023-06-18,08:11:29,40.37238,Microburst
2023-06-18,08:11:39,39.60084,Microburst
2023-06-18,08:11:49,38.94172,Microburst
2023-06-18,08:11:59,39.78927,Microburst
2023-06-18,08:12:09,37.86274,Microburst
2023-06-18,08:12:19,35.31046,Microburst
2023-06-18,08:12:29,35.28238,Microburst
2023-06-18,08:12:39,36.37541,Microburst
2023-06-18,08:12:49,39.81809,Microburst
2023-06-18,08:12:59,41.69049,Microburst
2023-06-18,08:13:09,41.85174,Microburst
2023-06-18,08:13:19,41.40585,Microburst
2023-06-18,08:13:29,39.01199,Microburst
2023-06-18,08:13:39,37.82730,Microburst
2023-06-18,08:13:49,36.63232,Microburst
2023-06-18,08:13:59,37.58289,Microburst
2023-06-18,08:14:09,38.47323,Microburst
2023-06-18,08:14:19,37.51405,Microburst
2023-06-18,08:14:29,35.30567,Microburst
2023-06-18,08:14:39,35.56450,Microburst
2023-06-18,08:14:49,39.65625,Microburst
2023-06-18,08:14:59,45.79169,Microburst
2023-06-18,08:15:09,48.63669,Microburst
2023-06-18,08:15:19,48.63116,Microburst
2023-06-18,08:15:29,44.90004,Microburst
2023-06-18,08:15:39,40.50434,Microburst
2023-06-18,08:15:49,41.22018,Microburst
2023-06-18,08:15:59,41.21392,Microburst
2023-06-18,08:16:08,39.52020,Microburst
2023-06-18,08:16:19,37.10483,Microburst
2023-06-18,08:16:29,35.18202,Microburst
2023-06-18,08:16:39,33.01504,Microburst
2023-06-18,08:16:49,32.39936,Microburst
2023-06-18,08:16:59,32.07971,Microburst
2023-06-18,08:17:09,32.40365,Microburst
2023-06-18,08:17:19,32.49935,Microburst
2023-06-18,08:17:29,31.70993,Microburst
2023-06-18,08:17:39,30.18772,Microburst
2023-06-18,08:17:48,26.88458,Wind shear
2023-06-18,08:17:59,26.71778,Wind shear
2023-06-18,08:18:09,26.90865,Wind shear
2023-06-18,08:18:19,26.75892,Wind shear
2023-06-18,08:18:29,26.76124,Wind shear
2023-06-18,08:18:39,27.58978,Wind shear
2023-06-18,08:18:49,30.32879,Microburst
2023-06-18,08:18:59,30.28404,Microburst
2023-06-18,08:19:09,28.03974,Wind shear
2023-06-18,08:19:18,27.20225,Wind shear
2023-06-18,08:19:29,26.28770,Wind shear
2023-06-18,08:19:39,25.63259,Wind shear
2023-06-18,08:19:49,25.29405,Wind shear
2023-06-18,08:19:59,24.84645,Wind shear
2023-06-18,08:20:09,24.76370,Wind shear
2023-06-18,08:20:19,24.76773,Wind shear
2023-06-18,08:20:29,24.64146,Wind shear
2023-06-18,08:20:38,24.72627,Wind shear
2023-06-18,08:20:49,24.15890,Wind shear
2023-06-18,08:20:59,23.57062,Wind shear
2023-06-18,08:21:09,23.33057,Wind shear
2023-06-18,08:21:19,23.46600,Wind shear
2023-06-18,08:21:29,22.92898,Wind shear
2023-06-18,08:21:39,22.51336,Wind shear
2023-06-18,08:21:49,21.90658,Wind shear
2023-06-18,08:21:59,20.95304,Wind shear
2023-06-18,08:22:09,20.77053,Wind shear
2023-06-18,08:22:18,20.71045,Wind shear
2023-06-18,08:22:29,20.37040,Wind shear
2023-06-18,08:22:39,20.15099,Wind shear
2023-06-18,08:22:49,19.77491,Wind shear
2023-06-18,08:22:59,19.47453,Wind shear
2023-06-18,08:23:09,19.32411,Wind shear
2023-06-18,08:23:19,19.07859,Wind shear
2023-06-18,08:23:29,18.73902,Wind shear
2023-06-18,08:23:39,18.42240,Wind shear
2023-06-18,08:23:48,18.17793,Wind shear
2023-06-18,08:23:59,17.71080,Wind shear
2023-06-18,08:24:09,17.04144,Wind shear
2023-06-18,08:24:19,16.19647,Wind shear
2023-06-18,08:24:29,15.22660,Wind shear
2023-06-19,06:16:39,16.87742,Wind shear
2023-06-19,06:16:49,16.17512,Wind shear
2023-06-19,06:16:59,16.49641,Wind shear
2023-06-19,06:17:09,17.72348,Wind shear
2023-06-19,06:17:19,18.68458,Wind shear
2023-06-19,06:17:29,18.61396,Wind shear
2023-06-19,06:17:39,18.48764,Wind shear
2023-06-19,06:17:49,18.30001,Wind shear
2023-06-19,06:17:59,18.21024,Wind shear
2023-06-19,06:18:09,18.06942,Wind shear
2023-06-19,06:18:19,17.72875,Wind shear
2023-06-19,06:18:29,17.02846,Wind shear
2023-06-19,06:18:39,17.12072,Wind shear
2023-06-19,06:18:49,16.91545,Wind shear
2023-06-19,06:18:59,17.51937,Wind shear
2023-06-19,06:19:08,18.20490,Wind shear
2023-06-19,06:19:18,18.85064,Wind shear
2023-06-19,06:19:29,18.23812,Wind shear
2023-06-19,06:19:39,17.39881,Wind shear
2023-06-19,06:19:49,16.62437,Wind shear
2023-06-19,06:19:59,16.04619,Wind shear
2023-06-19,06:22:19,19.79736,Wind shear
2023-06-19,06:22:28,19.64509,Wind shear
2023-06-19,06:22:39,19.58527,Wind shear
2023-06-19,06:22:49,19.78976,Wind shear
2023-06-19,06:22:59,20.31757,Wind shear
2023-06-19,06:23:09,20.93550,Wind shear
2023-06-19,06:23:19,21.41022,Wind shear
2023-06-19,06:23:29,21.44702,Wind shear
2023-06-19,06:23:39,21.65145,Wind shear
2023-06-19,06:23:49,20.61410,Wind shear
2023-06-19,06:23:59,19.58144,Wind shear
2023-06-19,06:24:09,18.50654,Wind shear
2023-06-19,06:24:19,16.95894,Wind shear
2023-06-28,05:17:39,31.41349,Microburst
2023-06-28,05:17:49,31.61537,Microburst
2023-06-28,05:17:59,32.12547,Microburst
2023-06-28,05:18:09,32.46658,Microburst
2023-06-28,05:18:19,32.22763,Microburst
2023-06-28,05:18:29,31.84215,Microburst
2023-06-28,05:18:39,32.03180,Microburst
2023-06-28,05:18:49,34.00263,Microburst
2023-06-28,05:18:59,36.03007,Microburst
2023-06-28,05:19:09,36.23664,Microburst
2023-06-28,05:19:19,36.21464,Microburst
2023-06-28,05:19:29,37.31563,Microburst
2023-06-28,05:19:39,37.74582,Microburst
2023-06-28,05:19:49,36.59603,Microburst
2023-06-28,05:19:59,35.22465,Microburst
2023-06-28,05:20:09,35.18248,Microburst
2023-06-28,05:20:19,36.36986,Microburst
2023-06-28,05:20:29,37.67077,Microburst
2023-06-28,05:20:39,37.72606,Microburst
2023-06-28,05:20:49,38.11904,Microburst
2023-06-28,05:20:58,38.49954,Microburst
2023-06-28,05:21:09,38.71131,Microburst
2023-06-28,05:21:19,38.05239,Microburst
2023-06-28,05:21:29,36.76372,Microburst
2023-06-28,05:21:39,35.58589,Microburst
2023-06-28,05:21:49,34.94851,Microburst
2023-06-28,05:21:58,33.95447,Microburst
2023-06-28,05:22:09,33.69969,Microburst
2023-06-28,05:22:19,34.10567,Microburst
2023-06-28,05:22:29,35.66027,Microburst
2023-06-28,05:22:39,36.72531,Microburst
2023-06-28,05:22:48,36.40234,Microburst
2023-06-28,05:22:59,34.88239,Microburst
2023-06-28,05:23:09,34.02560,Microburst
2023-06-28,05:23:19,33.94063,Microburst
2023-06-28,05:23:29,32.83225,Microburst
2023-06-28,05:23:39,31.06987,Microburst
2023-07-01,07:06:39,16.99387,Wind shear
2023-07-01,07:06:49,16.16861,Wind shear
2023-07-01,07:06:59,15.40196,Wind shear
2023-07-01,07:07:08,15.46785,Wind shear
2023-07-01,07:07:19,15.44728,Wind shear
2023-07-01,07:07:29,15.36944,Wind shear
2023-07-01,07:07:39,15.32241,Wind shear
2023-07-01,07:09:39,17.29719,Wind shear
2023-07-01,07:09:49,17.44462,Wind shear
2023-07-01,07:09:58,17.07168,Wind shear
2023-07-01,07:10:09,16.45346,Wind shear
2023-07-01,07:10:19,15.93172,Wind shear
2023-07-01,07:10:29,15.38036,Wind shear
2023-07-01,07:12:29,17.21044,Wind shear
2023-07-01,07:12:39,17.14662,Wind shear
2023-07-01,07:12:49,17.61611,Wind shear
2023-07-01,07:12:59,18.16020,Wind shear
2023-07-01,07:13:09,18.37597,Wind shear
2023-07-01,07:13:19,18.04780,Wind shear
2023-07-01,07:13:29,17.69719,Wind shear
2023-07-01,07:13:39,16.19020,Wind shear
2023-07-01,07:13:49,16.92482,Wind shear
2023-07-01,07:13:59,17.60866,Wind shear
2023-07-01,07:14:09,16.20014,Wind shear
2023-07-07,10:36:19,20.18448,Wind shear
2023-07-07,10:36:29,19.98610,Wind shear
2023-07-07,10:36:39,20.82331,Wind shear
2023-07-07,10:36:49,20.24723,Wind shear
2023-07-07,10:36:59,21.19729,Wind shear
2023-07-07,10:37:09,21.50189,Wind shear
2023-07-07,10:37:19,20.86651,Wind shear
2023-07-07,10:37:28,22.38361,Wind shear
2023-07-07,10:37:38,22.69452,Wind shear
2023-07-07,10:37:49,21.70030,Wind shear
2023-07-07,10:37:59,21.54065,Wind shear
2023-07-07,10:38:09,21.86544,Wind shear
2023-07-07,10:38:19,21.18077,Wind shear
2023-07-07,10:38:29,18.96154,Wind shear
2023-07-07,10:38:39,17.50831,Wind shear
2023-07-12,08:44:59,21.98476,Wind shear
2023-07-12,08:45:09,21.71993,Wind shear
2023-07-12,08:45:19,20.46725,Wind shear
2023-07-12,08:45:29,19.72300,Wind shear
2023-07-12,08:45:39,19.89378,Wind shear
2023-07-12,08:45:49,20.27928,Wind shear
2023-07-12,08:45:59,19.34533,Wind shear
2023-07-12,08:46:09,20.17447,Wind shear
2023-07-12,08:46:19,19.86126,Wind shear
2023-07-12,08:46:29,19.59093,Wind shear
2023-07-12,08:46:39,19.50643,Wind shear
2023-07-12,08:46:49,19.87423,Wind shear
2023-07-12,08:46:59,19.94349,Wind shear
2023-07-12,08:47:09,20.00278,Wind shear
2023-07-12,08:47:19,19.79459,Wind shear
2023-07-12,08:47:29,19.36154,Wind shear
2023-07-12,08:47:38,19.96426,Wind shear
2023-07-12,08:54:49,16.63471,Wind shear
2023-07-12,08:54:59,16.21300,Wind shear
2023-07-12,08:55:09,17.07642,Wind shear
2023-07-12,08:55:19,17.35233,Wind shear
2023-07-12,08:55:29,17.54377,Wind shear
2023-07-12,08:55:39,17.40765,Wind shear
2023-07-12,08:55:49,17.04387,Wind shear
2023-07-12,08:55:59,17.84258,Wind shear
2023-07-12,08:56:09,18.27737,Wind shear
2023-07-12,08:56:19,19.03270,Wind shear
2023-07-12,08:56:29,19.65202,Wind shear
2023-07-12,08:56:39,20.32988,Wind shear
2023-07-12,08:56:49,20.48727,Wind shear
2023-07-12,08:56:59,20.48414,Wind shear
2023-07-12,08:57:09,20.32207,Wind shear
2023-07-12,08:57:19,20.12045,Wind shear
2023-07-12,08:57:29,19.13872,Wind shear
2023-07-12,08:57:39,18.18136,Wind shear
2023-07-12,08:57:49,18.01522,Wind shear
2023-07-12,08:57:58,17.33073,Wind shear
2023-07-12,08:58:09,16.43633,Wind shear
2023-07-12,08:58:19,15.79657,Wind shear
2023-07-12,08:58:29,15.37907,Wind shear
2023-07-12,08:58:39,15.94751,Wind shear
2023-07-12,08:58:49,16.25762,Wind shear
2023-07-12,08:58:59,15.95575,Wind shear
2023-07-12,08:59:09,16.29428,Wind shear
2023-07-12,08:59:19,16.53091,Wind shear
2023-07-12,08:59:29,17.10350,Wind shear
2023-07-12,08:59:39,18.18095,Wind shear
2023-07-12,08:59:49,18.36103,Wind shear
2023-07-12,08:59:59,18.89158,Wind shear
2023-07-12,09:00:09,18.96152,Wind shear
2023-07-12,09:00:19,19.07028,Wind shear
2023-07-12,09:00:29,18.20161,Wind shear
2023-07-12,09:00:39,17.22381,Wind shear
2023-07-12,09:00:49,16.46336,Wind shear
2023-07-12,09:00:59,15.42397,Wind shear
2023-07-13,15:36:19,16.64220,Wind shear
2023-07-19,08:40:59,18.30826,Wind shear
2023-07-19,08:41:09,16.66004,Wind shear
2023-07-19,08:41:19,16.26635,Wind shear
2023-07-19,08:42:49,20.45173,Wind shear
2023-07-19,08:42:59,20.84925,Wind shear
2023-07-19,08:43:08,20.32446,Wind shear
2023-07-19,08:43:19,19.47327,Wind shear
2023-07-19,08:43:28,18.25216,Wind shear
2023-07-19,08:43:39,18.92502,Wind shear
2023-07-19,08:53:29,21.22369,Wind shear
2023-07-19,08:53:39,21.34213,Wind shear
2023-07-19,08:53:48,21.19288,Wind shear
2023-07-19,08:53:59,21.27640,Wind shear
2023-07-19,08:54:09,21.53445,Wind shear
2023-07-19,08:54:19,21.25199,Wind shear
2023-07-19,08:54:29,20.24228,Wind shear
2023-07-19,08:54:39,19.01698,Wind shear
2023-07-19,08:54:49,18.68436,Wind shear
2023-07-19,08:55:39,25.63670,Wind shear
2023-07-19,08:55:49,25.10525,Wind shear
2023-07-19,08:55:59,24.01048,Wind shear
2023-07-19,08:56:09,21.94426,Wind shear
2023-07-19,08:56:19,20.05121,Wind shear
2023-07-19,08:56:29,18.50803,Wind shear
2023-07-19,08:56:38,17.02932,Wind shear
2023-07-26,05:36:19,15.78756,Wind shear
2023-07-26,05:36:29,16.06080,Wind shear
2023-07-27,07:29:49,20.53453,Wind shear
2023-07-27,07:29:59,19.84623,Wind shear
2023-07-27,07:30:09,18.72716,Wind shear
2023-07-27,07:30:19,17.76748,Wind shear
2023-07-29,13:28:58,18.54523,Wind shear
2023-07-29,13:29:09,17.00397,Wind shear
2023-07-29,13:29:19,15.52339,Wind shear
2023-07-29,13:31:59,16.98389,Wind shear
2023-07-29,13:32:09,16.19240,Wind shear
2023-07-29,13:41:19,17.46809,Wind shear
2023-07-29,13:41:29,16.91265,Wind shear
2023-07-29,13:41:39,16.55002,Wind shear
2023-07-29,13:41:49,15.52467,Wind shear
2023-07-29,13:43:19,16.69300,Wind shear
2023-07-29,13:43:29,16.55850,Wind shear
2023-07-29,13:43:39,16.89538,Wind shear
2023-07-29,13:43:49,16.98291,Wind shear
2023-07-29,13:43:59,17.33110,Wind shear
2023-07-29,13:44:09,17.50264,Wind shear
2023-07-29,13:44:19,17.34870,Wind shear
2023-07-29,13:44:29,17.60566,Wind shear
2023-07-29,13:44:39,17.64928,Wind shear
2023-07-29,13:44:49,16.98897,Wind shear
2023-07-29,13:44:59,16.39067,Wind shear
2023-07-29,13:45:09,16.05734,Wind shear
2023-07-29,13:46:49,16.88719,Wind shear
2023-07-29,13:46:59,16.45218,Wind shear
2023-07-29,13:47:09,15.23243,Wind shear
2023-07-30,13:27:59,17.89544,Wind shear
2023-07-30,13:28:09,16.93823,Wind shear
2023-07-30,13:28:19,15.79084,Wind shear
2023-07-30,13:28:29,15.61456,Wind shear
2023-08-17,07:51:28,20.52391,Wind shear
2023-08-17,07:51:39,20.83581,Wind shear
2023-08-17,07:51:49,21.05125,Wind shear
2023-08-17,07:51:58,22.35648,Wind shear
2023-08-17,07:52:09,23.37445,Wind shear
2023-08-17,07:52:19,24.10179,Wind shear
2023-08-17,07:52:29,30.17004,Microburst
2023-08-17,07:52:39,30.79575,Microburst
2023-08-17,07:52:49,31.82417,Microburst
2023-08-17,07:52:58,32.32977,Microburst
2023-08-17,07:53:09,33.00696,Microburst
2023-08-17,07:53:19,32.64022,Microburst
2023-08-17,07:53:28,32.50203,Microburst
2023-08-17,07:53:39,32.80572,Microburst
2023-08-17,07:53:49,33.15429,Microburst
2023-08-17,07:53:59,32.64545,Microburst
2023-08-17,07:54:08,32.24161,Microburst
2023-08-17,07:54:19,31.41122,Microburst
2023-08-17,07:54:29,26.19576,Wind shear
2023-08-17,07:54:39,25.93614,Wind shear
2023-08-17,07:54:49,25.84507,Wind shear
2023-08-17,07:54:58,25.96813,Wind shear
2023-08-17,07:55:09,25.79300,Wind shear
2023-08-17,07:55:19,25.95129,Wind shear
2023-08-17,07:55:29,25.80052,Wind shear
2023-08-17,07:55:39,25.73320,Wind shear
2023-08-17,07:55:49,25.18821,Wind shear
2023-08-17,07:55:59,24.23465,Wind shear
2023-08-17,07:56:09,23.33492,Wind shear
2023-08-17,07:56:19,22.57080,Wind shear
2023-08-17,07:56:28,22.86050,Wind shear
2023-08-17,07:56:39,22.91565,Wind shear
2023-08-17,07:56:49,22.16957,Wind shear
2023-08-17,07:56:59,21.59990,Wind shear
2023-08-17,07:57:09,21.55723,Wind shear
2023-08-17,07:57:19,21.63999,Wind shear
2023-08-17,07:57:29,21.59686,Wind shear
2023-08-17,07:57:39,21.35135,Wind shear
2023-08-17,07:57:49,20.98972,Wind shear
2023-08-17,07:57:58,20.39368,Wind shear
2023-08-17,07:58:09,19.89987,Wind shear
2023-08-17,07:58:19,19.99680,Wind shear
2023-08-17,07:58:29,19.88538,Wind shear
2023-08-17,07:58:39,19.97512,Wind shear
2023-08-17,07:58:49,19.88505,Wind shear
2023-08-17,07:58:59,20.10510,Wind shear
2023-08-17,07:59:08,20.09573,Wind shear
2023-08-17,07:59:19,19.76197,Wind shear
2023-08-17,07:59:29,19.50274,Wind shear
2023-08-17,07:59:39,19.40876,Wind shear
2023-08-17,07:59:49,19.31264,Wind shear
2023-08-17,07:59:58,19.07697,Wind shear
2023-08-17,08:00:09,18.89070,Wind shear
2023-08-17,08:00:19,18.80842,Wind shear
2023-08-17,08:00:28,18.86262,Wind shear
2023-08-17,08:00:39,19.06399,Wind shear
2023-08-17,08:00:48,19.15907,Wind shear
2023-08-17,08:00:59,19.23711,Wind shear
2023-08-17,08:01:08,19.33771,Wind shear
2023-08-17,08:01:19,19.44280,Wind shear
2023-08-17,08:01:29,18.92767,Wind shear
2023-08-17,08:01:39,18.98069,Wind shear
2023-08-17,08:01:49,18.90407,Wind shear
2023-08-17,08:01:59,18.62280,Wind shear
2023-08-17,08:02:09,18.63438,Wind shear
2023-08-17,08:02:19,18.54940,Wind shear
2023-08-17,08:02:28,18.60541,Wind shear
2023-08-17,08:02:39,19.00873,Wind shear
2023-08-17,08:02:49,19.24858,Wind shear
2023-08-17,08:02:59,19.35840,Wind shear
2023-08-17,08:03:09,19.17458,Wind shear
2023-08-17,08:03:19,18.73806,Wind shear
2023-08-17,08:03:29,18.64957,Wind shear
2023-08-17,08:03:39,18.27259,Wind shear
2023-08-17,08:03:48,17.79693,Wind shear
2023-08-17,08:03:59,17.21434,Wind shear
2023-08-17,08:04:09,16.68459,Wind shear
2023-08-17,08:04:19,16.29532,Wind shear
2023-08-17,08:04:29,15.90861,Wind shear
2023-08-19,11:04:59,17.39693,Wind shear
2023-08-19,11:05:09,17.17062,Wind shear
2023-08-19,11:05:19,17.03412,Wind shear
2023-08-19,11:05:29,17.07346,Wind shear
2023-08-19,11:05:39,17.82583,Wind shear
2023-08-19,11:05:49,17.14321,Wind shear
2023-08-19,11:05:59,18.30021,Wind shear
2023-08-19,11:06:09,18.67646,Wind shear
2023-08-19,11:06:19,18.01930,Wind shear
2023-08-19,11:06:29,16.95970,Wind shear
2023-08-19,11:06:39,17.52268,Wind shear
2023-08-19,11:06:49,16.90859,Wind shear
2023-08-19,11:06:59,15.49815,Wind shear
2023-08-19,11:07:39,15.47995,Wind shear
2023-09-04,10:22:49,21.50117,Wind shear
2023-09-04,10:22:59,20.92876,Wind shear
2023-09-04,10:23:09,17.60451,Wind shear
2023-09-04,10:26:19,20.40168,Wind shear
2023-09-04,10:26:28,19.26121,Wind shear
2023-09-04,10:26:39,17.64076,Wind shear
2023-09-04,10:26:48,16.57516,Wind shear
2023-09-04,10:26:59,15.92186,Wind shear
2023-09-04,10:27:09,15.14440,Wind shear
2023-09-12,09:27:59,18.29189,Wind shear
2023-09-12,09:28:09,18.66013,Wind shear
2023-09-12,09:28:18,19.43804,Wind shear
2023-09-12,09:28:29,20.40371,Wind shear
2023-09-12,09:28:39,21.14861,Wind shear
2023-09-12,09:28:48,21.49583,Wind shear
2023-09-12,09:28:59,21.18425,Wind shear
2023-09-12,09:29:09,22.16507,Wind shear
2023-09-12,09:29:19,21.07817,Wind shear
2023-09-12,09:29:29,19.47807,Wind shear
2023-09-12,09:29:38,17.80196,Wind shear
2023-09-12,09:29:49,16.54669,Wind shear
2023-09-12,09:29:58,16.00300,Wind shear
2023-09-12,09:30:29,15.16429,Wind shear
2023-09-12,09:30:39,15.18594,Wind shear
2023-09-12,09:30:49,15.14963,Wind shear
2023-09-12,09:31:19,15.68807,Wind shear
2023-09-12,09:31:29,16.38511,Wind shear
2023-09-12,09:31:39,17.42867,Wind shear
2023-09-12,09:31:49,18.28671,Wind shear
2023-09-12,09:32:09,19.77916,Wind shear
2023-09-12,09:32:19,20.36254,Wind shear
2023-09-12,09:32:29,20.40473,Wind shear
2023-09-12,09:32:39,20.14746,Wind shear
2023-09-12,09:32:49,20.17959,Wind shear
2023-09-12,09:32:59,19.97703,Wind shear
2023-09-12,09:33:09,20.30139,Wind shear
2023-09-12,09:33:19,20.91996,Wind shear
2023-09-12,09:33:29,21.39793,Wind shear
2023-09-12,09:33:39,21.71070,Wind shear
2023-09-12,09:33:49,21.91347,Wind shear
2023-09-12,09:33:59,21.15775,Wind shear
2023-09-12,09:34:09,20.96325,Wind shear
2023-09-12,09:34:18,21.00814,Wind shear
2023-09-12,09:34:29,21.18821,Wind shear
2023-09-12,09:34:39,21.55135,Wind shear
2023-09-12,09:34:49,21.25868,Wind shear
2023-09-12,09:34:59,20.93478,Wind shear
2023-09-12,09:35:09,21.04869,Wind shear
2023-09-12,09:35:19,21.32228,Wind shear
2023-09-12,09:35:29,21.50687,Wind shear
2023-09-12,09:35:39,21.70713,Wind shear
2023-09-12,09:35:49,21.86568,Wind shear
2023-09-12,09:35:59,22.26327,Wind shear
2023-09-12,09:36:09,22.83320,Wind shear
2023-09-12,09:36:19,23.19799,Wind shear
2023-09-12,09:36:29,23.67845,Wind shear
2023-09-12,09:36:39,23.73889,Wind shear
2023-09-12,09:36:49,23.56640,Wind shear
2023-09-12,09:36:59,23.47413,Wind shear
2023-09-12,09:37:09,23.22314,Wind shear
2023-09-12,09:37:19,22.73188,Wind shear
2023-09-12,09:37:29,22.10143,Wind shear
2023-09-12,09:37:39,21.90402,Wind shear
2023-09-12,09:37:49,21.58541,Wind shear
2023-09-12,09:37:59,21.23004,Wind shear
2023-09-12,09:38:09,20.61931,Wind shear
2023-09-12,09:38:19,20.17677,Wind shear
2023-09-12,09:38:29,20.02338,Wind shear
2023-09-12,09:38:39,19.83397,Wind shear
2023-09-12,09:38:49,19.23637,Wind shear
2023-09-12,09:38:58,18.84468,Wind shear
2023-09-12,09:39:09,18.77935,Wind shear
2023-09-12,09:39:19,18.02369,Wind shear
2023-09-12,09:39:28,17.57111,Wind shear
2023-09-12,09:39:39,17.12600,Wind shear
2023-09-12,09:39:49,16.29744,Wind shear
2023-09-12,09:39:59,16.03247,Wind shear
2023-09-12,09:40:09,15.87232,Wind shear
2023-09-12,09:40:19,15.68967,Wind shear
2023-09-12,09:40:29,15.43295,Wind shear
2023-09-12,09:40:39,15.24262,Wind shear
2023-09-13,07:00:29,19.80798,Wind shear
2023-09-13,07:00:39,21.14096,Wind shear
2023-09-13,07:00:49,19.12441,Wind shear
2023-09-13,07:00:59,19.87710,Wind shear
2023-09-13,07:01:09,21.52110,Wind shear
2023-09-13,07:01:19,21.76126,Wind shear
2023-09-13,07:01:29,22.40763,Wind shear
2023-09-13,07:01:39,23.32735,Wind shear
2023-09-13,07:01:49,24.25821,Wind shear
2023-09-13,07:01:59,23.81056,Wind shear
2023-09-13,07:02:09,23.33675,Wind shear
2023-09-13,07:02:19,21.77386,Wind shear
2023-09-13,07:02:29,23.03463,Wind shear
2023-09-13,07:02:39,23.02418,Wind shear
2023-09-13,07:02:49,21.95408,Wind shear
2023-09-13,07:02:58,21.51489,Wind shear
2023-09-13,07:03:09,19.08940,Wind shear
2023-09-13,07:03:19,17.67283,Wind shear
2023-09-13,07:03:29,18.08925,Wind shear
2023-09-13,07:03:39,18.26532,Wind shear
2023-09-13,07:03:49,32.72059,Microburst
2023-09-13,07:03:59,34.17851,Microburst
2023-09-13,07:04:09,34.16884,Microburst
2023-09-13,07:04:19,31.48730,Microburst
2023-09-15,07:11:09,20.45417,Wind shear
2023-09-15,07:11:19,19.55203,Wind shear
2023-09-15,07:11:29,19.53921,Wind shear
2023-09-15,07:11:39,20.38291,Wind shear
2023-09-15,07:11:49,20.73426,Wind shear
2023-09-15,07:11:59,20.50034,Wind shear
2023-09-15,07:12:09,19.56252,Wind shear
2023-09-15,07:12:19,18.86797,Wind shear
2023-09-15,07:12:29,17.95349,Wind shear
2023-09-15,07:12:39,17.54796,Wind shear
2023-09-15,07:12:49,17.34845,Wind shear
2023-09-15,07:12:59,17.33367,Wind shear
2023-09-15,07:13:09,17.97543,Wind shear
2023-09-15,07:13:19,18.38835,Wind shear
2023-09-15,07:13:29,19.25950,Wind shear
2023-09-15,07:13:39,19.57025,Wind shear
2023-09-15,07:13:49,19.77574,Wind shear
2023-09-15,07:13:59,20.17978,Wind shear
2023-09-15,07:14:09,20.00343,Wind shear
2023-09-15,07:14:19,19.04741,Wind shear
2023-09-15,07:14:29,18.37340,Wind shear
2023-09-15,07:14:39,18.06218,Wind shear
2023-09-15,07:14:49,18.06026,Wind shear
2023-09-15,07:14:59,18.00667,Wind shear
2023-09-15,07:15:09,18.02081,Wind shear
2023-09-15,07:15:18,17.97716,Wind shear
2023-09-15,07:15:29,17.83211,Wind shear
2023-09-15,07:15:39,17.87857,Wind shear
2023-09-15,07:15:49,17.36542,Wind shear
2023-09-15,07:15:59,16.77675,Wind shear
2023-09-15,07:16:09,16.91589,Wind shear
2023-09-15,07:16:19,17.81360,Wind shear
2023-09-15,07:16:29,17.91248,Wind shear
2023-09-15,07:16:39,17.65367,Wind shear
2023-09-15,07:16:49,16.71014,Wind shear
2023-09-15,07:16:59,16.19051,Wind shear
2023-09-15,07:17:09,15.19960,Wind shear
2023-10-08,09:09:09,17.97800,Wind shear
2023-10-08,09:09:19,17.48196,Wind shear
2023-10-08,09:09:29,17.35281,Wind shear
2023-10-08,09:09:39,18.82607,Wind shear
2023-10-08,09:09:48,19.72437,Wind shear
2023-10-08,09:09:59,20.28575,Wind shear
2023-10-08,09:10:19,19.63603,Wind shear
2023-10-08,09:10:29,19.18113,Wind shear
2023-10-08,09:10:39,18.58944,Wind shear
2023-10-08,09:12:09,21.82742,Wind shear
2023-10-08,09:12:19,22.03894,Wind shear
2023-10-08,09:12:29,21.82676,Wind shear
2023-10-08,09:12:39,21.05491,Wind shear
2023-10-08,09:12:49,20.38997,Wind shear
2023-10-08,09:12:59,20.22217,Wind shear
2023-10-08,09:13:09,20.05494,Wind shear
2023-10-08,09:13:19,19.90924,Wind shear
2023-10-08,09:13:29,19.87638,Wind shear
2023-10-08,09:13:39,20.12480,Wind shear
2023-10-08,09:13:49,20.36552,Wind shear
2023-10-08,09:13:59,19.68464,Wind shear
2023-10-08,09:14:09,19.18993,Wind shear
2023-10-08,09:15:19,16.80369,Wind shear
2023-10-08,09:15:29,16.98808,Wind shear
2023-10-08,09:15:39,16.24047,Wind shear
2023-10-08,09:18:49,18.57892,Wind shear
2023-10-08,09:18:59,18.28274,Wind shear
2023-10-08,09:19:09,18.28189,Wind shear
2023-10-08,09:19:19,18.00523,Wind shear
2023-10-08,09:19:28,17.59735,Wind shear
2023-10-08,09:19:39,17.33838,Wind shear
2023-10-08,09:19:49,17.43575,Wind shear
2023-10-08,09:19:59,17.95232,Wind shear
2023-10-08,09:20:09,17.70235,Wind shear
2023-10-08,09:20:19,17.55412,Wind shear
2023-10-08,09:20:29,17.50952,Wind shear
2023-10-08,09:20:39,17.13948,Wind shear
2023-10-08,09:20:49,16.61217,Wind shear
2023-10-08,09:20:59,16.06867,Wind shear
2023-10-08,09:21:09,15.91481,Wind shear
